﻿<?xml version="1.0" encoding="utf-8" standalone="yes"?>
<DatasetInfo>
  <Dataset>QC_Shew_17-02_a_QEP_03Aug18_Wally_18-07-04</Dataset>
  <ScanTypes>
    <ScanType ScanCount="10351" ScanFilterText="FTMS + p NSI Full ms">HMS</ScanType>
    <ScanType ScanCount="46481" ScanFilterText="FTMS + c NSI d Full ms2 0@hcd30.00">HCD-HMSn</ScanType>
  </ScanTypes>
  <AcquisitionInfo>
    <ScanCount>56832</ScanCount>
    <ScanCountMS>10351</ScanCountMS>
    <ScanCountMSn>46481</ScanCountMSn>
    <Elution_Time_Max>120.00</Elution_Time_Max>
    <AcqTimeMinutes>120.00</AcqTimeMinutes>
    <StartTime>2018-08-03 12:23:46 AM</StartTime>
    <EndTime>2018-08-03 02:23:45 AM</EndTime>
    <FileSizeBytes>751642506</FileSizeBytes>
    <InstrumentFiles>
      <InstrumentFile Hash="bcbe9b04e4270395d1d3d8dd9a37643c0c0d9a2b" HashType="SHA1" Size="751642506">QC_Shew_17-02_a_QEP_03Aug18_Wally_18-07-04.raw</InstrumentFile>
    </InstrumentFiles>
    <ProfileScanCountMS1>10350</ProfileScanCountMS1>
    <ProfileScanCountMS2>0</ProfileScanCountMS2>
    <CentroidScanCountMS1>1</CentroidScanCountMS1>
    <CentroidScanCountMS2>46481</CentroidScanCountMS2>
  </AcquisitionInfo>
  <TICInfo>
    <TIC_Max_MS>1.2805E+10</TIC_Max_MS>
    <TIC_Max_MSn>4.5235E+08</TIC_Max_MSn>
    <BPI_Max_MS>1.383E+09</BPI_Max_MS>
    <BPI_Max_MSn>9.339E+07</BPI_Max_MSn>
    <TIC_Median_MS>1.9771E+07</TIC_Median_MS>
    <TIC_Median_MSn>2.2199E+06</TIC_Median_MSn>
    <BPI_Median_MS>1.3672E+06</BPI_Median_MS>
    <BPI_Median_MSn>141534</BPI_Median_MSn>
  </TICInfo>
</DatasetInfo>
