﻿<?xml version="1.0" encoding="utf-8" standalone="yes"?>
<DatasetInfo>
  <Dataset>QC_Shew_17-02_d_QEP_25July18_Wally_18-07-04</Dataset>
  <ScanTypes>
    <ScanType ScanCount="10423" ScanFilterText="FTMS + p NSI Full ms">HMS</ScanType>
    <ScanType ScanCount="47518" ScanFilterText="FTMS + c NSI d Full ms2 0@hcd30.00">HCD-HMSn</ScanType>
  </ScanTypes>
  <AcquisitionInfo>
    <ScanCount>57941</ScanCount>
    <ScanCountMS>10423</ScanCountMS>
    <ScanCountMSn>47518</ScanCountMSn>
    <Elution_Time_Max>120.00</Elution_Time_Max>
    <AcqTimeMinutes>120.00</AcqTimeMinutes>
    <StartTime>2018-07-31 01:05:48 AM</StartTime>
    <EndTime>2018-07-31 03:05:47 AM</EndTime>
    <FileSizeBytes>800901511</FileSizeBytes>
    <InstrumentFiles>
      <InstrumentFile Hash="5a0335dd054e6e834e45f519075923a3dd88c103" HashType="SHA1" Size="800901511">QC_Shew_17-02_d_QEP_25July18_Wally_18-07-04.raw</InstrumentFile>
    </InstrumentFiles>
    <ProfileScanCountMS1>10423</ProfileScanCountMS1>
    <ProfileScanCountMS2>0</ProfileScanCountMS2>
    <CentroidScanCountMS1>0</CentroidScanCountMS1>
    <CentroidScanCountMS2>47518</CentroidScanCountMS2>
  </AcquisitionInfo>
  <TICInfo>
    <TIC_Max_MS>1.1693E+10</TIC_Max_MS>
    <TIC_Max_MSn>3.5716E+08</TIC_Max_MSn>
    <BPI_Max_MS>1.3522E+09</BPI_Max_MS>
    <BPI_Max_MSn>5.2498E+07</BPI_Max_MSn>
    <TIC_Median_MS>2.6383E+07</TIC_Median_MS>
    <TIC_Median_MSn>2.8277E+06</TIC_Median_MSn>
    <BPI_Median_MS>4.3582E+06</BPI_Median_MS>
    <BPI_Median_MSn>174060</BPI_Median_MSn>
  </TICInfo>
</DatasetInfo>
