﻿<?xml version="1.0" encoding="utf-8" standalone="yes"?>
<DatasetInfo>
  <Dataset>QC_Shew_17-02_b_QEP_03Aug18_Wally_18-07-04</Dataset>
  <ScanTypes>
    <ScanType ScanCount="10460" ScanFilterText="FTMS + p NSI Full ms">HMS</ScanType>
    <ScanType ScanCount="46414" ScanFilterText="FTMS + c NSI d Full ms2 0@hcd30.00">HCD-HMSn</ScanType>
  </ScanTypes>
  <AcquisitionInfo>
    <ScanCount>56874</ScanCount>
    <ScanCountMS>10460</ScanCountMS>
    <ScanCountMSn>46414</ScanCountMSn>
    <Elution_Time_Max>120.00</Elution_Time_Max>
    <AcqTimeMinutes>120.00</AcqTimeMinutes>
    <StartTime>2018-08-03 02:56:48 AM</StartTime>
    <EndTime>2018-08-03 04:56:47 AM</EndTime>
    <FileSizeBytes>761138880</FileSizeBytes>
    <InstrumentFiles>
      <InstrumentFile Hash="2b1cf6cee05f84f583e17318101d35749d8e4d49" HashType="SHA1" Size="761138880">QC_Shew_17-02_b_QEP_03Aug18_Wally_18-07-04.raw</InstrumentFile>
    </InstrumentFiles>
    <ProfileScanCountMS1>10460</ProfileScanCountMS1>
    <ProfileScanCountMS2>0</ProfileScanCountMS2>
    <CentroidScanCountMS1>0</CentroidScanCountMS1>
    <CentroidScanCountMS2>46414</CentroidScanCountMS2>
  </AcquisitionInfo>
  <TICInfo>
    <TIC_Max_MS>1.1285E+10</TIC_Max_MS>
    <TIC_Max_MSn>4.1633E+08</TIC_Max_MSn>
    <BPI_Max_MS>1.298E+09</BPI_Max_MS>
    <BPI_Max_MSn>7.0036E+07</BPI_Max_MSn>
    <TIC_Median_MS>1.9001E+07</TIC_Median_MS>
    <TIC_Median_MSn>2.3689E+06</TIC_Median_MSn>
    <BPI_Median_MS>1.2186E+06</BPI_Median_MS>
    <BPI_Median_MSn>148212</BPI_Median_MSn>
  </TICInfo>
</DatasetInfo>
